<application>
  <component name="LafManager" autodetect="false">
    <laf class-name="com.intellij.ide.ui.laf.darcula.DarculaLaf" themeId="550230d7-9636-4d03-9506-23e40b91bfb3" />
    <lafs-to-previous-schemes>
      <laf-to-scheme laf="Dark" scheme="_@user_Dark" />
      <laf-to-scheme laf="Dark purple" scheme="_@user_Dark purple" />
      <laf-to-scheme laf="Gradianto Dark Fuchsia" scheme="_@user_Gradianto Dark Fuchsia" />
      <laf-to-scheme laf="Gradianto Deep Ocean" scheme="_@user_Gradianto Deep Ocean" />
      <laf-to-scheme laf="Gradianto Midnight Blue" scheme="_@user_Gradianto Midnight Blue" />
      <laf-to-scheme laf="Gradianto Nature Green" scheme="_@user_Gradianto Nature Green" />
      <laf-to-scheme laf="High contrast" scheme="_@user_High contrast" />
      <laf-to-scheme laf="IntelliJ Light" scheme="_@user_IntelliJ Light" />
      <laf-to-scheme laf="One Dark" scheme="_@user_One Dark" />
      <laf-to-scheme laf="One Dark Italic" scheme="_@user_One Dark Italic" />
      <laf-to-scheme laf="One Dark Vivid" scheme="_@user_One Dark Vivid" />
      <laf-to-scheme laf="One Dark Vivid Italic" scheme="_@user_One Dark Vivid Italic" />
      <laf-to-scheme laf="Solarized Dark" scheme="_@user_Solarized Dark (4lex4)" />
      <laf-to-scheme laf="[NEWUI] Gradianto Dark Fuchsia" scheme="_@user_Gradianto Dark Fuchsia" />
      <laf-to-scheme laf="[NEWUI] Gradianto Midnight Blue" scheme="_@user_Gradianto Midnight Blue New" />
      <laf-to-scheme laf="[NEWUI] Gradianto Nature Green" scheme="_@user_Gradianto Nature Green New" />
    </lafs-to-previous-schemes>
  </component>
</application>