<application>
  <component name="ProjectManager">
    <defaultProject>
      <component name="ComposerSettings">
        <execution />
      </component>
      <component name="ProjectViewState">
        <option name="autoscrollFromSource" value="true" />
        <option name="hideEmptyMiddlePackages" value="true" />
        <option name="showExcludedFiles" value="false" />
        <option name="showLibraryContents" value="true" />
      </component>
      <component name="PropertiesComponent">{
  &quot;keyToString&quot;: {
    &quot;settings.editor.selected.configurable&quot;: &quot;editor.preferences.fonts.default&quot;
  }
}</component>
      <component name="TaskManager">
        <task active="true" id="Default" summary="Default task">
          <created>1690857574595</created>
          <option name="number" value="Default" />
          <option name="presentableId" value="Default" />
          <updated>1690857574595</updated>
        </task>
        <servers />
      </component>
      <component name="WindowStateProjectService">
        <state x="372" y="177" width="992" height="738" key="SettingsEditor" timestamp="1690857622642">
          <screen x="0" y="0" width="1920" height="1080" />
        </state>
        <state x="372" y="177" width="992" height="738" key="SettingsEditor/0.0.1920.1080" timestamp="1690857622642" />
      </component>
    </defaultProject>
  </component>
</application>