<application>
  <component name="ProjectManager">
    <defaultProject>
      <component name="PropertiesComponent"><![CDATA[{
  "keyToString": {
    "go.import.settings.migrated": "true",
    "settings.editor.selected.configurable": "editor.preferences.fonts.default"
  }
}]]></component>
      <component name="WindowStateProjectService">
        <state x="332" y="43" width="1256" height="913" key="SettingsEditor" timestamp="1693746673209">
          <screen x="0" y="0" width="1920" height="1080" />
        </state>
        <state x="332" y="43" width="1256" height="913" key="SettingsEditor/0.0.1920.1080" timestamp="1693746673209" />
      </component>
    </defaultProject>
  </component>
</application>