<keymap version="1" name="XWin copy" parent="Default for XWin">
  <action id="ActivateTerminalToolWindow">
    <keyboard-shortcut first-keystroke="alt f12" />
    <keyboard-shortcut first-keystroke="ctrl t" />
  </action>
  <action id="DomCollectionControl.Add" />
  <action id="EditorToggleInsertState" />
  <action id="GotoTest" />
  <action id="NewElement">
    <keyboard-shortcut first-keystroke="alt insert" />
    <keyboard-shortcut first-keystroke="insert" />
  </action>
  <action id="ServiceView.ShowServices" />
  <action id="Terminal.NewTab" />
  <action id="Terminal.OpenInTerminal">
    <keyboard-shortcut first-keystroke="shift ctrl t" />
  </action>
  <action id="UsageView.Include" />
  <action id="Vcs.UpdateProject" />
  <action id="XDebugger.NewWatch" />
</keymap>